"","Domain","Supergroup","Division","Subdivision","Class","Order","Family","Genus","Species"
"a79b77ec434e4c32ddccb78761a007a5","Eukaryota"," TSAR"," Alveolata"," Dinoflagellata"," Dinophyceae","","","",""
"e4c016e9aff0a3d404f01260f7a93025","Eukaryota"," Obazoa"," Breviatea"," Breviatea_X"," Breviatea_XX"," Breviatea_XXX"," Subulatomonas-lineage"," Subulatomonas-lineage_X"," Subulatomonas-lineage_X_sp."
"95be9ee2685301b56a9cb71e77b8d758","Eukaryota"," Archaeplastida"," Streptophyta"," Streptophyta_X"," Embryophyceae"," Embryophyceae_X"," Embryophyceae_XX"," Apium"," Apium_graveolens"
"29df7225eb90249b5b899541044ce78f","Eukaryota"," TSAR"," Alveolata"," Apicomplexa"," Gregarinomorphea"," Eugregarinorida"," Gregarinidae"," Leidyana2",""
"1b0b43aaf7a5a745abdd6ff4a8ce60c5","Eukaryota"," TSAR"," Alveolata"," Dinoflagellata"," Dinophyceae","","","",""
"e985fbbee77893fcc195c20b55f1053b","Eukaryota"," TSAR"," Rhizaria"," Cercozoa","","","","",""
"25a9f7e7a1a1491307fcfcc939c500d3","Eukaryota","","","","","","","",""
"dcb8f760e124e374910047fb2cef9b08","Eukaryota","","","","","","","",""
"5c9b0840f16c84a6b7589f1c25071639","Eukaryota"," Obazoa"," Opisthokonta"," Metazoa"," Craniata"," Craniata_X","","",""
"861e3c7c6af959340c56b571aa312a33","Eukaryota"," Obazoa"," Opisthokonta","","","","","",""
"c1ffd4eaccd5ef56aa8e5486441869a6","Eukaryota"," Obazoa"," Opisthokonta"," Fungi"," Basidiomycota"," Agaricomycotina"," Agaricomycetes"," Trametes",""
"c669ab3bcd97586d36d5ade1286a8ace","Eukaryota"," Obazoa"," Opisthokonta"," Metazoa"," Platyhelminthes"," Turbellaria"," Rhabdocoela"," Uncinorhynchus"," Uncinorhynchus_flavidus"
"beedf8bc8ef038ed9aef4b03a92778ad","Eukaryota"," Obazoa"," Opisthokonta"," Fungi"," Basidiomycota"," Ustilaginomycotina"," Exobasidiomycetes"," Malassezia"," Malassezia_globosa"
"b47234c424c00748927c070ac1eed597","Eukaryota"," Archaeplastida"," Streptophyta"," Streptophyta_X"," Embryophyceae"," Embryophyceae_X"," Embryophyceae_XX"," Apium"," Apium_graveolens"
"fd97da6fd58dba82475e8fd770acbe55","Eukaryota","","","","","","","",""
"389950e760558e927385e40108737f9f","Eukaryota"," Obazoa"," Opisthokonta"," Fungi"," Basidiomycota"," Ustilaginomycotina"," Exobasidiomycetes"," Malassezia"," Malassezia_restricta"
"faff1d3727a40c7abbafa1473f1e0784","Eukaryota"," Archaeplastida"," Streptophyta"," Streptophyta_X"," Embryophyceae"," Embryophyceae_X"," Embryophyceae_XX"," Apium"," Apium_graveolens"
"a9998d5ef96b051c54d2d9219cf54fa9","Eukaryota"," Archaeplastida"," Streptophyta"," Streptophyta_X"," Embryophyceae"," Embryophyceae_X"," Embryophyceae_XX"," Allium"," Allium_cepa"
"c75f1510d6aaa40b6fab7c05d26099ee","Eukaryota","","","","","","","",""
"0528e910f593d269907552b557d93a35","Eukaryota"," TSAR"," Stramenopiles"," Gyrista"," Bacillariophyceae"," Bacillariales"," Bacillariaceae"," Pseudo-nitzschia",""
"f5f42ab6181ad2fb0008ebb42759209f","Eukaryota"," Archaeplastida"," Streptophyta"," Streptophyta_X"," Embryophyceae"," Embryophyceae_X"," Embryophyceae_XX"," Apium"," Apium_graveolens"
"318c4f2cd59d5b23e690556df2959fe9","Eukaryota"," Archaeplastida"," Chlorophyta"," Chlorophyta_X"," Ulvophyceae"," Ulvales-relatives"," Ulvales-relatives_X"," Ulva",""
"6b394e36e1bef9a54ee149410df5edd4","Eukaryota"," Archaeplastida"," Chlorophyta"," Chlorophyta_X"," Mamiellophyceae"," Mamiellales"," Mamiellaceae"," Micromonas"," Micromonas_bravo_B1"
"25d16ec4b471980a4bf3fd2d9e64799f","Eukaryota"," Obazoa"," Opisthokonta"," Metazoa"," Arthropoda"," Crustacea"," Maxillopoda","",""
"86250fd887016b280b65d9e5581087dd","Eukaryota"," Obazoa"," Opisthokonta"," Fungi","","","","",""
"10210d39402d386262537db671e6fa12","Eukaryota"," Obazoa"," Opisthokonta"," Metazoa"," Annelida"," Annelida_X"," Annelida_XX"," Magelona"," Magelona_sp."
"c0a369c60a21a4a2a111e0866f57d907","Eukaryota"," Obazoa"," Opisthokonta"," Fungi"," Ascomycota"," Pezizomycotina"," Eurotiomycetes","",""
"8c187503b668220de0fedf1016b374e5","Eukaryota"," Obazoa"," Opisthokonta","","","","","",""
"59df372ae80bccd1157d28f7303bacfd","Eukaryota"," Obazoa"," Opisthokonta"," Fungi"," Ascomycota"," Saccharomycotina"," Saccharomycetales"," Galactomyces",""
"5ff24a9c0d321aacf55329506c716b7b","Eukaryota"," Archaeplastida"," Streptophyta"," Streptophyta_X"," Embryophyceae"," Embryophyceae_X"," Embryophyceae_XX"," Apium"," Apium_graveolens"
"963ac91e5c6501ac371d674bc3d1a90f","Eukaryota","","","","","","","",""
"8dfc647c06629a88350a7ca54108fa42","Eukaryota"," TSAR"," Stramenopiles"," Bigyra"," Opalozoa"," Opalozoa_X"," MAST-12"," MAST-12A"," MAST-12A_sp."
"f6f03f6ff9a0186acb18762d9a08ea78","Eukaryota"," Archaeplastida"," Chlorophyta"," Chlorophyta_X"," Ulvophyceae"," Ulvales-relatives"," Ulvales-relatives_X"," Ulva",""
"af2709969eb733d34e9938ebc1e907c9","Eukaryota"," TSAR"," Alveolata"," Apicomplexa"," Gregarinomorphea"," Eugregarinorida"," Gregarinidae"," Leidyana1"," Leidyana_erratica"
"8d324f69af528928cb7195fc798c2cad","Eukaryota"," TSAR"," Alveolata"," Apicomplexa"," Gregarinomorphea"," Eugregarinorida"," Gregarinidae"," Amoebogregarina"," Amoebogregarina_sp."
"7233b9d47178a89d357c973fd52c8afc","Eukaryota"," TSAR"," Rhizaria"," Cercozoa","","","","",""
"d17da58ec9db8b90de6ed68d86b6b923","Eukaryota"," Archaeplastida"," Streptophyta"," Streptophyta_X"," Embryophyceae"," Embryophyceae_X"," Embryophyceae_XX"," Allium"," Allium_cepa"
"f21ce371b19c50c46b34f26662cdf964","Eukaryota"," Obazoa"," Opisthokonta"," Metazoa"," Mollusca"," Bivalvia"," Heteroconchia"," Hiatella"," Hiatella_arctica"
"ceafa6b3b11eabb4002bdc4355dae6a7","Eukaryota"," Archaeplastida"," Streptophyta"," Streptophyta_X"," Embryophyceae"," Embryophyceae_X"," Embryophyceae_XX"," Eucalyptus"," Eucalyptus_camaldulensis"
"4ae134570ef3f070d2d3c20d1507fde3","Eukaryota"," Obazoa"," Opisthokonta"," Fungi"," Basidiomycota"," Agaricomycotina"," Agaricomycetes","",""
"86ebabf928be099499f892aa58e15c3e","Eukaryota"," TSAR"," Alveolata"," Dinoflagellata"," Dinophyceae"," Peridiniales"," Heterocapsaceae"," Heterocapsa",""
"0562c5abd0413e52c8b76fa92a6f69a2","Eukaryota"," TSAR"," Stramenopiles"," Gyrista"," Mediophyceae"," Hemiaulales"," Hemiaulaceae"," Cerataulina"," Cerataulina_pelagica"
"16de1a5a8f3578947ef5076ebdd93941","Eukaryota"," TSAR"," Alveolata"," Apicomplexa"," Gregarinomorphea"," Gregarinomorphea_X"," Gregarinomorphea_XX"," Enterocystis"," Enterocystis_dorypterygis"
"e3b3932feb9c042e03439e218eb6c782","Eukaryota"," Obazoa"," Opisthokonta"," Fungi"," Basidiomycota"," Ustilaginomycotina"," Exobasidiomycetes","",""
"a11f4d2cf35618126c2436d0820434c1","Eukaryota"," TSAR"," Stramenopiles"," Bigyra"," Opalozoa"," Opalozoa_X"," MAST-12"," MAST-12A"," MAST-12A_sp."
"a0a57f2df0e0cd1c704f98408acff13d","Eukaryota"," Archaeplastida"," Chlorophyta"," Chlorophyta_X"," Ulvophyceae"," Ulvales-relatives"," Ulvales-relatives_X"," Ulva",""
"bf95e1477003234a5e0b5dff400ccfea","Eukaryota"," TSAR"," Alveolata"," Dinoflagellata"," Syndiniales"," Dino-Group-II"," Dino-Group-II-Clade-2"," Dino-Group-II-Clade-2_X"," Dino-Group-II-Clade-2_X_sp."
"e3c66d331094148d6f595777bc4df052","Eukaryota"," Obazoa"," Opisthokonta"," Metazoa"," Arthropoda"," Chelicerata"," Arachnida"," Lasioseius"," Lasioseius_sp."
"7f23ff6b8dd33e5491a41eb13046540d","Eukaryota"," Obazoa"," Opisthokonta"," Fungi","","","","",""
"5eeb2b41373966788660ee3146859277","Eukaryota"," Obazoa"," Opisthokonta"," Fungi"," Basidiomycota"," Agaricomycotina"," Agaricomycetes"," Peniophora"," Peniophora_nuda"
"aaa89104d969f2de044bfec2a437399d","Eukaryota"," TSAR"," Alveolata","","","","","",""
"83085bd1c0ae1a2dbf23bcaf836283d4","Eukaryota"," Archaeplastida"," Picozoa"," Picozoa_X"," Picozoa_XX"," Picozoa_XXX"," Picozoa_XXXX"," Picozoa_XXXXX"," Picozoa_XXXXX_sp."
"a85e3823c8a4b0f22345cb2d69340a89","Eukaryota"," Archaeplastida"," Streptophyta"," Streptophyta_X"," Embryophyceae"," Embryophyceae_X"," Embryophyceae_XX"," Citrus",""
"fd5201fb247e310c162d30188e59b10d","Eukaryota"," Obazoa"," Opisthokonta"," Metazoa"," Craniata"," Craniata_X"," Mammalia"," Homo"," Homo_sapiens"
"df07b69e7718122c2934dad8f2ed6f02","Eukaryota"," Archaeplastida"," Chlorophyta"," Chlorophyta_X"," Mamiellophyceae","","","",""
"f9f8c9f5d4864943fa2f8ab4804d8618","Eukaryota"," TSAR"," Alveolata"," Dinoflagellata"," Syndiniales"," Dino-Group-I"," Dino-Group-I-Clade-1"," Dino-Group-I-Clade-1_X"," Dino-Group-I-Clade-1_X_sp."
"a3ca93396fb5ca07e787acea379dcf9e","Eukaryota"," TSAR"," Stramenopiles"," Gyrista"," Mediophyceae"," Chaetocerotales"," Chaetocerotaceae"," Chaetoceros"," Chaetoceros_tenuissimus"
"b15f1baf958e2f086639e8bdff95dab5","Eukaryota"," Obazoa"," Opisthokonta"," Fungi"," Basidiomycota"," Agaricomycotina"," Agaricomycetes"," Ganoderma",""
"95672a96ba78f41d32f5868cd518a87a","Eukaryota"," Obazoa"," Opisthokonta"," Fungi"," Basidiomycota"," Agaricomycotina"," Agaricomycetes"," Botryohypochnus"," Botryohypochnus_isabellinus"
"39e9d7cb2c8f08cc21ea456814d3ec6f","Eukaryota"," TSAR"," Stramenopiles"," Gyrista"," Phaeophyceae"," Phaeophyceae_X"," Phaeophyceae_XX"," Saccorhiza"," Saccorhiza_polyschides"
"5a1e353cf9026375949e3216112bf26a","Eukaryota"," Obazoa"," Opisthokonta"," Metazoa"," Craniata"," Craniata_X","","",""
"98e90a2c756a507bc30cbfa4d0ba7cca","Eukaryota"," Archaeplastida"," Streptophyta"," Streptophyta_X"," Embryophyceae"," Embryophyceae_X"," Embryophyceae_XX","",""
"a000b287b20863e26737eb9546b56c82","Eukaryota"," TSAR"," Stramenopiles"," Gyrista"," Chrysophyceae"," Ochromonadales"," Ochromonadales_X"," Ochromonadales_XX"," Ochromonadales_XX_sp."
"6acba11290eb0cc5ef0ed98532ddcffa","Eukaryota"," Obazoa"," Opisthokonta"," Fungi"," Basidiomycota"," Ustilaginomycotina"," Exobasidiomycetes"," Exobasidiomycetes_X"," Exobasidiomycetes_X_sp."
"b55993d28d1272364d3d062fc15bbcc2","Eukaryota"," TSAR"," Alveolata"," Dinoflagellata"," Dinophyceae","","","",""
"fb4ade25276a2d6ce3464fd04e8467c7","Eukaryota"," Obazoa"," Opisthokonta"," Fungi"," Basidiomycota"," Agaricomycotina"," Agaricomycetes"," Itersonilia"," Itersonilia_perplexans"
"8cf1de80f6c4fb75463e4ec3ee0e36c4","Eukaryota"," TSAR"," Alveolata"," Dinoflagellata"," Dinophyceae"," Gymnodiniales"," Gymnodiniaceae"," Gymnodinium"," Gymnodinium_sp."
"cb45124d586cba54db36c3ce6040266d","Eukaryota"," Obazoa"," Opisthokonta"," Fungi"," Basidiomycota"," Ustilaginomycotina"," Exobasidiomycetes","",""
"bfc384df9c05e53cfdd4b108efa04b4f","Eukaryota"," Archaeplastida"," Streptophyta"," Streptophyta_X"," Embryophyceae"," Embryophyceae_X"," Embryophyceae_XX"," Brassica"," Brassica_oleracea"
"31a56071ef7c329a304de29841e11eb2","Eukaryota"," Obazoa"," Opisthokonta"," Metazoa"," Arthropoda"," Hexapoda"," Insecta"," Otitesella"," Otitesella_tsamvi"
"bc3b1d417adc4716cf0898093533cdc0","Eukaryota"," Obazoa"," Opisthokonta"," Fungi"," Basidiomycota"," Agaricomycotina"," Agaricomycetes"," Athelia"," Athelia_sp."
"a8488ce5bd195645f69a7d1f50d4af2e","Eukaryota"," Obazoa"," Opisthokonta"," Fungi"," Basidiomycota"," Agaricomycotina"," Agaricomycetes","",""
"108777c16925cb7d591f3f007d315cbd","Eukaryota"," TSAR"," Alveolata"," Dinoflagellata"," Dinophyceae"," Prorocentrales"," Prorocentraceae"," Prorocentrum",""
"6afe1d8a6f5dbad2bc6f11af7eaca2f5","Eukaryota"," Archaeplastida"," Streptophyta"," Streptophyta_X"," Embryophyceae"," Embryophyceae_X"," Embryophyceae_XX"," Malus"," Malus_x"
"3e716c8d0a3f581fb63ff5f91050cdd7","Eukaryota"," Obazoa"," Opisthokonta"," Fungi"," Basidiomycota"," Ustilaginomycotina"," Exobasidiomycetes"," Malassezia"," Malassezia_restricta"
"6417e0f82fb94bd7250e40d8d3b05aea","Eukaryota"," Obazoa"," Opisthokonta"," Fungi"," Basidiomycota"," Agaricomycotina"," Agaricomycetes"," Deconica"," Deconica_sp."
"51e2b7d77a90a7f58d70e60d676dca1d","Eukaryota"," TSAR"," Alveolata"," Dinoflagellata"," Dinophyceae"," Prorocentrales"," Prorocentraceae"," Prorocentrum",""
"06b0c199407d1ce20dae938565a59930","Eukaryota"," TSAR"," Stramenopiles"," Gyrista"," Mediophyceae"," Thalassiosirales"," Stephanodiscaceae"," Cyclotella",""
"d2e3033173a78c9f02de1873de7b6faa","Eukaryota"," TSAR"," Alveolata"," Dinoflagellata"," Syndiniales"," Dino-Group-I"," Dino-Group-I-Clade-5"," Dino-Group-I-Clade-5_X"," Dino-Group-I-Clade-5_X_sp."
"a572690e380f4070e7bd263f4fbff5de","Eukaryota"," Archaeplastida"," Chlorophyta"," Chlorophyta_X"," Trebouxiophyceae"," Microthamniales"," Microthamniales_X"," Asterochloris",""
"ac0bae8d14606aafaefb7f470bfe35ee","Eukaryota"," Obazoa"," Opisthokonta"," Metazoa"," Craniata"," Craniata_X"," Mammalia"," Homo"," Homo_sapiens"
"8fa78322b6e1bbe88e758780c4653453","Eukaryota"," TSAR"," Alveolata"," Dinoflagellata"," Dinophyceae","","","",""
"4b58cc0d92063709eeb70d354990b4e1","Eukaryota"," Archaeplastida"," Chlorophyta"," Chlorophyta_X"," Mamiellophyceae"," Mamiellales"," Bathycoccaceae"," Ostreococcus"," Ostreococcus_tauri"
"01d24d9dbe794f18933895e6e0c74240","Eukaryota"," Obazoa"," Opisthokonta"," Fungi"," Ascomycota"," Pezizomycotina"," Sordariomycetes"," Valsa"," Valsa_mali"
"ec98804231e7121cb12b4d1e89b00981","Eukaryota"," Obazoa"," Opisthokonta"," Metazoa"," Annelida"," Annelida_X"," Annelida_XX"," Capitella"," Capitella_teleta"
