Codification;SampleID;Depth;Unite;all_na;UB;VS;date_min;date_max;date_median;date_mean;Clay ;Very_fine_silt_;Fine_silt_;Medium_silt_;Coarse_silt_;Silt;Very_fine_sand_;Fine_sand_;Medium_sand_;Coarse_sand_;Very_coarse_sand_;Sand;NT_perc;COP_perc;CT_perc;Li;Al;Al_perc;V;Cr;Mn;Fe;Fe_perc;Co;Ni;Ni_perc;Cu;Zn;As;Mo;Ag;Cd;Sn;Sb;Ba;Pb;U;Hg
A-01;A01;1;I;non;38,3818978;61,6181022;;;;2022;23,4598035;9,859214;10,3369745;12,91215425;17,17062725;50,27897;16,72052275;6,1027045;2,517097;0,85339225;0,06750975;26,26122625;0,095626041;2,239968142;;17,51;28235;2,8;83,68;1898;1033;90885;9,1;191,9;3445;0,3;23,02;79,27;12,17;1,259;0,022;0,065;0,654;0,535;89;5,781;0,991;0,136
A-02;A02;2;I;non;;;;;;2022;;;;;;;;;;;;;0,07082661;1,63586035;;;;;;;;;;;;;;;;;;;;;;;;
A-03;A03;3;I;non;44,18716437;55,81283563;2019;2024;2022;2022;16,963638;8,470252;8,491201333;10,815199;24,846221;52,62287333;28,73385167;1,679637333;0;0;0;30,413489;0,076897641;1,571686431;;17,67;26583;2,7;89,03;2109;1078;96614;9,7;202,9;3583;0,4;20,29;84,13;21,45;1,259;0,02;0,056;0,619;0,609;73,82;4,923;1,211;0,129
A-04;A04;4;I;non;;;2018;2023;2020;2020;;;;;;;;;;;;;0,090548245;1,618795913;;;;;;;;;;;;;;;;;;;;;;;;
A-05;A05;5;I;non;50,32917542;49,67082458;2017;2021;2019;2019;22,576031;10,15175833;11,90091633;15,51282933;18,58986933;56,15537333;13,63207;5,358631;1,906058667;0,370315;0,001520667;21,26859533;0,057039414;1,397877462;1,850913019;16,04;23943;2,4;86,12;2274;1012;99483;9,9;215,5;3870;0,4;17,68;80,23;21,84;1,36;0,016;0,052;0,493;0,57;66;4,049;1,639;0,127
A-06;A06;6;I;non;;;2015;2020;2017;2017;23,552925;10,71049033;12,90105467;16,36691133;19,62235;59,60080633;14,550238;2,091999667;0,168423333;0,035607667;0;16,84626867;0,065402114;1,212090078;;;;;;;;;;;;;;;;;;;;;;;;
A-07;A07;7;I;non;52,67673077;47,32326923;2013;2019;2016;2016;;;;;;;;;;;;;NA;NA;;16,36;21796;2,2;78,64;2324;1035;95578;9,6;210,9;3834;0,4;16,73;75,17;15,97;2,293;0,015;0,057;0,447;0,545;58,19;3,708;2,128;0,112
A-08;A08;8;I;non;;;2011;2018;2015;2015;28,304336;12,604508;13,33126467;13,49851633;14,453565;53,887854;14,668626;2,975985333;0,126245333;0,036953;0;17,80780967;0,06912712;1,848673772;;;;;;;;;;;;;;;;;;;;;;;;
A-09;A09;9;I;non;53,54226923;46,45773077;2009;2017;2013;2013;;;;;;;;;;;;;0,04181705;0,939425478;;16,56;22058;2,2;82,02;2441;1014;98669;9,9;223,5;3999;0,4;18,14;81,22;14,76;2,068;0,016;0,064;0,463;0,448;58,87;4,217;1,858;0,11
A-10;A10;10;I;non;;;2008;2016;2012;2012;24,84231667;11,220309;12,718729;12,995043;15,67345633;52,60753733;16,13606967;3,480874;1,294667333;1,638535667;0;22,55014667;0,06803443;1,811358799;;;;;;;;;;;;;;;;;;;;;;;;
A-11;A11;11;I;non;;;2006;2016;2010;2010;;;;;;;;;;;;;0,053486258;0,995464512;;;;;;;;;;;;;;;;;;;;;;;;
A-12;A12;12;I;non;47,84658474;52,15341526;2004;2015;2009;2009;16,46862533;7,666058;10,69446867;16,67785767;22,54878067;57,587165;17,60802033;5,164493333;1,715771333;1,080791;0,375133333;25,94420933;0,09535921;1,997115611;;20,45;26273;2,6;83,62;1975;1111;103373;10,3;229,8;4078;0,4;20,93;85,51;16,06;3,308;0,021;0,063;0,586;0,574;74,06;4,908;2,028;0,174
A-13;A13;13;I;non;;;2003;2014;2008;2008;;;;;;;;;;;;;0,20434945;2,81833993;;;;;;;;;;;;;;;;;;;;;;;;
A-14;A14;14;I;non;44,22199275;55,77800725;2002;2013;2007;2007;16,34053867;7,620532333;9,993963333;12,486446;20,62182233;50,722764;28,10121067;3,155374667;0,746859;0,933253;0;32,93669733;0,083995773;1,634259826;1,652668472;22,05;30400;3;91,04;1941;1473;110858;11,1;254,1;4318;0,4;26,8;97,06;17,06;2,141;0,026;0,073;0,857;0,605;91,8;6,134;1,301;0,147
A-15;A15;15;I;non;;;2000;2012;2006;2006;;;;;;;;;;;;;0,076343484;1,370293495;;;;;;;;;;;;;;;;;;;;;;;;
A-16;A16;16;I;non;49,58605686;50,41394314;1998;2012;2005;2005;9,883026667;6,016412333;8,001425667;7,856865333;15,269531;37,14423433;33,90027067;13,17904367;4,790053333;1,103372333;0;52,97274;0,040474913;0,835106561;;18,44;25608;2,6;79,12;2200;1093;104651;10,5;236,5;4001;0,4;19,3;86,97;10,82;1,093;0,02;0,081;0,527;0,51;73,23;4,717;1,031;0,114
A-17;A17;17;I;non;;;1996;2012;2004;2004;;;;;;;;;;;;;0,035920631;0,946407185;;;;;;;;;;;;;;;;;;;;;;;;
A-18;A18;18;I;non;49,79572974;50,20427026;1993;2012;2004;2003;23,70388433;8,963665333;10,587516;10,252207;9,580459;39,38384733;4,985461667;9,757655;12,371325;7,737475333;2,060351333;36,91226833;0,101327782;1,7704077;;18,48;25907;2,6;76,49;2184;1268;106372;10,6;253,7;4254;0,4;20,78;88,32;8,1;1,557;0,022;0,076;0,528;0,466;74,23;5,257;0,916;0,127
A-19;A19;19;I;non;;;1991;2012;2003;2002;;;;;;;;;;;;;0,082147764;1,641491567;;;;;;;;;;;;;;;;;;;;;;;;
A-20;A20;20;I;non;51,34602847;48,65397153;1988;2012;2002;2001;26,110797;10,16314467;13,34930333;16,42691767;17,28017533;57,219541;12,97103833;3,399555333;0,204755667;0,094313;0;16,66966233;0,069839988;1,604585063;;20,76;27871;2,8;89,29;2328;1233;118404;11,8;259,7;4635;0,5;22,48;99,86;15,77;1,433;0,022;0,072;0,598;0,57;78,18;5,703;1,314;0,156
A-22;A22;22;I;non;;;1983;2011;2001;1999;23,079144;9,641087;12,70210767;16,732074;19,08399167;58,15926033;15,06427867;3,227192667;0,453121333;0,017003333;0;18,761596;0,080947587;1,408358978;;;;;;;;;;;;;;;;;;;;;;;;
A-24;A24;24;I;non;43,42727309;56,57272691;1978;2011;1999;1998;15,574354;7,419594333;10,10224967;13,87714;23,01383433;54,41281833;27,820217;2,192611;0;0;0;30,012828;0,094754724;1,799248099;2,043714713;23,98;31846;3,2;97,33;2041;1025;114312;11,4;264,2;4775;0,5;25,13;99,23;19,43;3,055;0,026;0,081;0,67;0,582;84,41;6;2,017;0,151
A-26;A26;26;I;non;;;1978;2007;1997;1995;32,44374133;12,74893233;16,12406433;18,68099733;14,50973367;62,06372767;4,394484333;0,843422333;0,254624333;0;0;5,492531;0,10562139;1,836033771;;;;;;;;;;;;;;;;;;;;;;;;
A-28;A28;28;I;non;52,85746033;47,14253967;1977;2005;1994;1993;27,11070633;10,696208;15,24686667;19,55313733;17,07919267;62,57540467;7,875204333;1,84061;0,570470333;0,027603667;0;10,31388833;0,152447578;1,888148205;;19,91;27144;2,7;94,02;2146;1197;119262;11,9;266;5033;0,5;22,14;98,74;21,92;1,694;0,019;0,067;0,557;0,522;68,74;5,079;1,502;0,135
A-30;A30;30;I;non;;;1976;2004;1991;1991;22,56709533;8,892193333;12,52430967;15,61002167;17,07720633;54,103731;15,080348;5,529615333;1,194163;1,013978;0,511069333;23,32917367;0,072814968;1,438820558;;;;;;;;;;;;;;;;;;;;;;;;
A-32;A32;32;I;non;62,51007756;37,48992244;1975;2004;1988;1989;14,351882;7,363438;8,900874333;10,56815833;17,57737467;44,40984533;23,635273;8,07733;6,778249333;2,723857667;0,023563;41,238273;0,059541604;0,878569263;;15,28;21798;2,2;90,77;2342;1600;120644;12,1;294,2;5502;0,6;18,62;96,82;25,52;1,716;0,014;0,06;0,513;0,458;55,42;4,302;1,354;0,119
A-34;A34;34;I;non;;;1971;2003;1986;1986;27,337951;10,83197067;14,56421933;18,43682967;17,04033967;60,87335933;8,089576667;2,093194;1,286433667;0,319485333;0;11,78868967;0,047752104;0,916975571;;;;;;;;;;;;;;;;;;;;;;;;
A-36;A36;36;I;non;59,15969704;40,84030296;1966;2003;1984;1984;19,500248;8,069785;10,01410233;13,16553367;16,81115467;48,06057567;17,55340633;10,311168;3,533704667;0,865357333;0,175539667;32,439176;0,019662335;1,014644862;0,895606453;16,7;22641;2,3;82,92;2373;1344;115417;11,5;271;4758;0,5;18,23;91,53;20,78;1,987;0,017;0,065;0,458;0,5;59,35;4,233;1,312;0,099
A-38;A38;38;I;non;;;1965;2001;1981;1981;27,663368;10,75221833;14,468924;18,07324067;17,00743867;60,30182167;8,824954667;1,914836;0,508735;0,585699667;0,200585;12,03481033;0,081893659;1,33858546;;;;;;;;;;;;;;;;;;;;;;;;
A-40;A40;40;I;non;61,76210167;38,23789833;1962;1999;1978;1978;;;;;;;;;;;;;0,129192156;1,667435477;;16,88;23882;2,4;82,28;2398;1877;129272;12,9;315,2;5494;0,5;20,35;103,95;15,11;1,805;0,02;0,075;0,472;0,538;62,82;4,527;1,174;0,153
A-42;A42;42;I;non;;;1961;1998;1976;1977;37,974134;13,07897967;15,98161833;17,69924633;11,901972;58,66181633;3,018712;0,178392667;0,065063333;0,101881;0;3,364049;0,0681246;1,181014384;;;;;;;;;;;;;;;;;;;;;;;;
A-44;A44;44;I;non;59,5566392;40,4433608;1961;1997;1976;1977;;;;;;;;;;;;;0,081385449;1,094108991;;18,89;28831;2,9;90,31;2194;2019;143325;14,3;305,7;5676;0,6;25,44;116,21;12,27;1,554;0,02;0,091;0,614;0,521;75,34;5,138;0,927;0,154
A-46;A46;46;I;non;;;1960;1997;1975;1976;32,890996;13,48157467;17,86334567;19,995075;12,075938;63,41593333;3,529459;0,163611667;0;0;0;3,693070667;0,098654336;1,444350381;;;;;;;;;;;;;;;;;;;;;;;;
A-48;A48;48;II;non;86,2185249;13,7814751;1959;1996;1975;1976;;;;;;;;;;;;;0,06510165;1,03424751;;10,84;20022;2;96,18;3509;3330;216051;21,6;517,2;9766;1;22,6;164,53;19,61;2,015;0,013;0,139;0,389;0,315;43,72;3,662;0,864;0,161
A-50;A50;50;II;non;;;1959;1994;1974;1975;27,67491933;12,13568167;16,174692;19,30023133;15,686926;63,297531;8,303383333;0,724165667;0;0;0;9,027549;0,055301997;0,969235732;1,011561306;;;;;;;;;;;;;;;;;;;;;;;
A-52;A52;52;II;non;78,01399214;21,98600786;1959;1993;1974;1974;;;;;;;;;;;;;0,018736621;0,397793632;;13,03;20621;2,1;96,25;2936;2312;172434;17,2;397,7;7489;0,7;20,23;136,69;24,02;2,113;0,014;0,095;0,414;0,461;48,35;3,893;1,268;0,151
A-54;A54;54;II;non;;;1959;1992;1972;1973;34,987715;13,422831;16,08530633;15,72085667;10,97373133;56,20272533;7,820241667;0,944812333;0,033755;0,010751;0;8,80956;0,068956856;1,106567576;;;;;;;;;;;;;;;;;;;;;;;;
A-56;A56;56;II;non;63,05459014;36,94540986;1958;1992;1971;1972;;;;;;;;;;;;;0,037189859;0,599290049;;17,61;27008;2,7;94,12;2752;2020;150016;15;421;6285;0,6;23,75;141,99;18,21;2,086;0,022;0,1;0,544;0,525;69,35;4,916;1,131;0,159
A-58;A58;58;II;non;;;1958;1991;1970;1972;;;;;;;;;;;;;0,039989565;0,877948033;;;;;;;;;;;;;;;;;;;;;;;;
A-60;A60;60;II;non;86,32490224;13,67509776;1956;1991;1969;1971;39,53776267;13,89386467;17,08396233;16,98285733;9,750443333;57,71112767;2,495328667;0,218852667;0,036928333;0;0;2,751109667;0,071924828;1,198401426;;12,09;19284;1,9;94,73;3440;3054;209833;21;523,6;8745;0,9;21,38;187,66;20,43;2,703;0,015;0,115;0,344;0,406;40,77;3,243;1,268;0,194
A-62;A62;62;II;non;;;1956;1989;1969;1970;;;;;;;;;;;;;0,046527238;0,680721339;;;;;;;;;;;;;;;;;;;;;;;;
A-64;A64;64;II;non;97,56089675;2,439103254;1956;1988;1968;1969;49,098861;16,11847233;17,10962633;12,837898;4,279921333;50,345918;0,369896667;0,00997;0;0,084481333;0,090873;0,555221;0,047157059;0,741339919;0,893177725;8,8;17438;1,7;97,04;4798;3852;293388;29,3;661,2;11264;1,1;24,44;260,18;13,31;3,515;0,015;0,158;0,295;0,228;32,51;2,518;0,904;0,216
A-66;A66;66;II;non;;;1956;1986;1968;1968;;;;;;;;;;;;;0,05719824;0,886634747;;;;;;;;;;;;;;;;;;;;;;;;
A-68;A68;68;II;non;94,88458569;5,115414312;1956;1986;1967;1968;43,825166;14,31379167;16,969683;15,24744467;7,555586333;54,08650567;1,374724333;0,046675;0,003874;0,242982333;0,420072333;2,088328;0,050052235;0,891581242;;8,65;16755;1,7;112,37;3992;3645;253921;25,4;612,5;10485;1;21,79;219,66;30,1;3,685;0,01;0,131;0,309;0,332;31,85;2,779;1,22;0,182
B-02;B02;70;II;non;;;1955;1985;1966;1967;;;;;;;;;;;;;0,050645946;0,97231052;;;;;;;;;;;;;;;;;;;;;;;;
B-04;B04;72;II;non;84,84579402;15,15420598;1954;1985;1965;1966;35,963994;12,95055;16,033852;19,057703;12,96434933;61,00645433;2,403107333;0,001757667;0;0,166305333;0,458381333;3,029551667;0,061159003;1,022952785;;11,18;18789;1,9;105,86;3210;3053;200005;20;552,6;9498;0,9;21,61;179,17;31,42;3,469;0,013;0,116;0,413;0,412;44,72;3,695;1,321;0,168
B-06;B06;74;II;non;;;1954;1982;1965;1965;;;;;;;;;;;;;0,052799031;0,94228014;;;;;;;;;;;;;;;;;;;;;;;;
B-08;B08;76;II;non;90,16500204;9,834997959;1954;1979;1964;1965;42,280371;15,41068033;17,96635933;15,615541;7,099645;56,09222567;1,066620333;0,130821;0,222654333;0,176506667;0,030800667;1,627403;0,080960857;1,435327943;;9,5;18555;1,9;78,12;3480;3475;231529;23,2;512,8;10429;1;24,62;200,45;9,5;3,357;0,016;0,149;0,375;0,295;45,71;3,045;0,844;0,163
B-10;B10;78;II;non;;;1954;1977;1964;1964;;;;;;;;;;;;;0,123909941;2,281004116;;;;;;;;;;;;;;;;;;;;;;;;
B-12;B12;80;II;non;99,99;0,01;1954;1975;1963;1963;47,20643533;15,88351033;17,023777;13,46037533;5,529216667;51,89687933;0,839219;0,057466667;0;0;0;0,896685667;0,030690544;0,507676864;;6,58;14608;1,5;82,74;4280;3805;283363;28,3;585;11807;1,2;22,9;240,24;12,9;4,592;0,009;0,161;0,296;0,2;28,37;2,411;0,824;0,181
B-14;B14;82;II;non;;;1953;1973;1962;1963;;;;;;;;;;;;;0,060816299;0,867521745;;;;;;;;;;;;;;;;;;;;;;;;
B-16;B16;84;II;non;96,09116624;3,908833758;1953;1973;1962;1962;43,57223267;14,33118967;16,50749767;15,183475;7,835502;53,85766433;1,805260667;0,250281333;0,153575667;0,213773;0,147212667;2,570103333;0,072559336;1,099645395;;8,59;15784;1,6;107,05;4011;3356;261597;26,2;598,2;11689;1,2;22,03;236,64;34,93;4,339;0,01;0,155;0,316;0,317;31,48;2,993;1,302;0,2
B-18;B18;86;II;non;;;1952;1972;1961;1962;;;;;;;;;;;;;0,027783234;0,597318927;;;;;;;;;;;;;;;;;;;;;;;;
B-20;B20;88;II;non;74,44691525;25,55308475;1952;1972;1961;1961;32,13283167;13,115014;16,22788767;18,97826033;14,15177767;62,47293967;4,424767;0,835705333;0,133756333;0;0;5,394228667;0,107638861;1,502484229;1,646531261;16,71;25555;2,6;97,76;3048;2812;189955;19;454,1;7887;0,8;25,45;188,48;19,43;3,563;0,023;0,138;0,63;0,597;70,43;5,492;1,376;0,219
B-22;B22;90;II;non;;;1952;1972;1961;1961;42,49046967;14,54262567;16,676618;15,04720867;7,953314;54,21976633;1,758855;0,092508667;0,270544;0,436949333;0,730907333;3,289764333;0,075985881;1,335637857;;;;;;;;;;;;;;;;;;;;;;;;
B-24;B24;92;II;non;76,69283983;23,30716017;1952;1972;1961;1961;38,61147133;14,53727133;17,41454967;16,871114;10,05882433;58,88175933;1,822300333;0,033649;0,003367667;0,148848333;0,498605;2,506770333;0,08205149;1,344718768;;19,09;27249;2,7;111,91;3574;2721;214346;21,4;427,7;7124;0,7;26,79;196,48;26,24;3,8;0,022;0,125;0,634;0,508;68,89;5,215;1,851;0,225
B-26;B26;94;II;non;;;1951;1971;1960;1960;32,08418067;14,33617333;18,335292;18,57872333;12,19693867;63,44712733;3,913181;0,503779333;0,051732;0;0;4,468692333;0,121379121;1,935136818;;;;;;;;;;;;;;;;;;;;;;;;
B-28;B28;96;III;non;39,8332573;60,1667427;1951;1971;1960;1960;26,83491;12,60804967;17,027578;20,68968367;16,191152;66,51646333;5,885158;0,618028;0,106379667;0,039061333;0;6,648627;0,14135086;1,779130498;;28,23;36100;3,6;111,62;2122;1230;120764;12,1;239,3;4296;0,4;28,19;123,82;26,5;2,065;0,029;0,073;0,939;0,663;100,56;7,465;2,217;0,157
B-30;B30;98;III;non;;;1921;1968;1956;1952;24,75211567;11,630693;17,03394967;21,30225667;17,38864633;67,35554567;6,987405333;0,692471333;0,169880333;0,042582;0;7,892339;0,180934768;2,162973299;;;;;;;;;;;;;;;;;;;;;;;;
B-32;B32;100;III;non;36,11538043;63,88461957;1882;1968;1953;1945;28,40090633;13,49685967;18,209797;20,63498267;14,21080467;66,552444;4,093112333;0,713757;0,227927333;0,011852667;0;5,046649333;0,105036934;1,927996977;2,491998738;28,81;36224;3,6;110,16;2055;1185;112488;11,2;229,4;4325;0,4;26,28;119,8;29,59;1,846;0,028;0,056;0,89;0,662;112,04;7,985;2,568;0,154
B-34;B34;102;III;non;;;1843;1968;1951;1937;26,73380767;12,28170433;17,39225567;21,26145133;16,47657367;67,411985;5,383221333;0,329831333;0,121962;0,019192;0;5,854206667;0,100836301;1,70593783;;;;;;;;;;;;;;;;;;;;;;;;
B-36;B36;104;III;non;32,62768423;67,37231577;1804;1967;1949;1929;32,12253333;14,92096933;19,00985367;19,78045233;11,45541767;65,166693;2,528102;0,129058;0,013634333;0,039979;0;2,710773333;0,109772731;1,860845165;;31,12;37899;3,8;109,19;1824;1125;110048;11;219,8;4307;0,4;30,98;118,42;24,33;1,773;0,032;0,102;1,065;0,73;133,77;9,017;2,646;0,174
B-38;B38;106;III;non;;;1764;1967;1947;1921;33,42249633;15,20468867;19,46150967;19,49969767;10,464921;64,630817;1,742261333;0,200294667;0,004131667;0;0;1,946687667;0,226600913;2,537091552;;;;;;;;;;;;;;;;;;;;;;;;
B-40;B40;108;III;non;35,46846357;64,53153643;1724;1967;1944;1914;;;;;;;;;;;;;0,118316833;2,111620164;;28,07;34253;3,4;99,77;2050;1031;104743;10,5;221,2;4457;0,4;26,94;113,62;17,8;2,019;0,028;0,074;0,824;0,685;109,78;7,247;2,161;0,15
B-42;B42;110;III;non;;;1719;1964;1925;1902;33,92563367;14,234805;16,37750433;17,50102233;12,83042267;60,94375433;4,078038;0,778525;0,273154333;0,000894333;0;5,130611667;0,178869219;1,238320114;;;;;;;;;;;;;;;;;;;;;;;;
B-44;B44;112;III;non;44,74364212;55,25635788;1712;1964;1910;1891;;;;;;;;;;;;;0,028528173;0,398559976;;21,35;25549;2,6;88,87;2678;913;93919;9,4;179,8;3304;0,3;18,21;98,94;13,43;1,261;0,018;0,055;0,566;0,601;73,54;5,176;1,246;0,096
B-46;B46;114;III;non;;;1700;1963;1900;1879;17,98525567;7,281132333;9,202267;12,895215;17,28168833;46,66030267;17,71813833;11,80988867;5,419601333;0,406813;0;35,35444133;0,215635631;1,907606478;2,681867448;;;;;;;;;;;;;;;;;;;;;;;
B-48;B48;116;III;non;48,46794526;51,53205474;1677;1963;1891;1868;;;;;;;;;;;;;0,121925377;2,166239176;;25,12;31374;3,1;98,68;1981;1281;125217;12,5;315,3;6911;0,7;26,6;130,75;20,42;1,891;0,026;0,101;0,741;0,623;80,85;6,45;2,005;0,18
B-50;B50;118;III;non;;;1647;1963;1884;1857;;;;;;;;;;;;;0,100621992;1,691057658;;;;;;;;;;;;;;;;;;;;;;;;
B-52;B52;120;III;non;52,85957795;47,14042205;1603;1963;1878;1845;32,11835867;12,513587;14,85883733;17,01579833;14,82930067;59,21752333;7,485987667;0,352064667;0,698932;0,127133667;0;8,664118;0,081871035;1,380220709;;25,91;32807;3,3;96,94;2234;1907;143899;14,4;386,2;7888;0,8;31,7;149,36;13,13;1,792;0,03;0,122;0,788;0,599;85,34;6,076;1,602;0,182
B-54;B54;122;III;non;;;1599;1959;1862;1835;;;;;;;;;;;;;0,105455117;1,5200099;;;;;;;;;;;;;;;;;;;;;;;;
B-56;B56;124;III;non;43,62382616;56,37617384;1594;1958;1843;1824;48,062311;11,88320133;13,924016;15,06292867;7,840668667;48,71081467;2,614694333;0,592078;0,020102333;0;0;3,226874667;0,105131218;1,835562072;;28,27;36352;3,6;104,53;2004;2027;125873;12,6;335,3;6130;0,6;29,85;136,41;16,86;1,863;0,034;0,108;0,837;0,713;95,69;7,25;1,46;0,21
B-58;B58;126;III;non;;;1589;1958;1824;1813;;;;;;;;;;;;;0,110353439;1,651629421;;;;;;;;;;;;;;;;;;;;;;;;
B-60;B60;128;III;non;32,93932052;67,06067948;1581;1957;1810;1803;35,033213;10,96162567;14,687993;18,153014;13,143387;56,94601967;6,463274333;1,512961667;0,044531667;0;0;8,020767667;NA;NA;;30,26;36127;3,6;103,25;1679;1101;105288;10,5;216,5;4369;0,4;28,27;113,27;23,09;1,66;0,031;0,072;0,8;0,697;99,25;7,375;2,115;0,191
B-64;B64;132;III;non;20,07510398;79,92489602;1533;1957;1789;1781;27,96979233;10,60658833;14,84395267;19,73588867;13,85814367;59,04457333;10,32813467;2,483517333;0,113097;0,060885667;0;12,98563467;NA;NA;;35,92;41646;4,2;109,87;1467;1031;95438;9,5;174,5;3422;0,3;31,44;106,54;19,94;1,744;0,035;0,064;0,907;0,792;115,44;8,078;2,485;0,214
B-68;B68;136;III;non;15,92334061;84,07665939;1529;1948;1764;1759;22,08364833;9,828516;13,94918033;18,06920533;17,60528633;59,452188;13,49773;2,586640667;1,221028;1,158765;0;18,46416367;NA;NA;;37,91;42722;4,3;109,8;1385;908;90657;9,1;143,1;2511;0,3;30,18;100,77;24,06;1,63;0,035;0,051;0,911;0,844;120,01;8,163;2,35;0,216
B-72;B72;140;IV;non;16,77634247;83,22365753;1520;1945;1729;1736;22,14517133;10,178579;14,65586433;20,149252;18,90584867;63,889544;8,457589667;1,253753;0,187994;0,460647;3,605301333;13,965285;NA;NA;;31,15;38088;3,8;100,41;1452;815;81186;8,1;126,3;1845;0,2;24,79;90,99;22,28;1,354;0,037;0,047;0,806;0,806;102,4;6,501;1,844;0,213
B-76;B76;144;IV;non;17,78487166;82,21512834;1491;1943;1701;1713;26,63013567;11,61421667;16,903466;21,241144;16,63102767;66,38985433;6,501527;0,478483;0;0;0;6,98001;NA;NA;;33;38186;3,8;100,12;1449;825;83035;8,3;126,1;1777;0,2;24,43;91,68;26,1;1,266;0,035;0,054;0,842;0,78;110,46;7,054;2,102;0,201
B-78;B78;146;IV;non;;;1491;1938;1697;1708;24,87719867;11,50762367;17,670203;21,14617;16,458972;66,78296867;7,794541;0,545292333;0;0;0;8,339833333;NA;NA;;;;;;;;;;;;;;;;;;;;;;;;
B-80;B80;148;IV;non;25,08134891;74,91865109;1491;1938;1692;1702;23,30367333;10,788108;16,79713133;20,10776467;16,534925;64,227929;10,767657;1,172951;0,299302667;0,228486667;0;12,46839733;NA;NA;;28,12;33186;3,3;95,53;1740;807;82240;8,2;126,5;1690;0,2;19,78;89,18;32,33;0,984;0,025;0,04;0,702;0,72;92,88;6,143;2,287;0,185
B-84;B84;152;IV;non;23,64974253;76,35025747;1486;1937;1678;1690;25,76715833;13,03380367;18,864797;21,55711567;14,80389233;68,25960867;4,865333333;0,798444333;0,277255;0,032201333;0;5,973234;NA;NA;;29,79;34174;3,4;99,13;1701;794;82522;8,3;124,6;1721;0,2;21,3;90,18;35,9;1,196;0,028;0,041;0,738;0,737;98,09;6,376;2,873;0,171
C-02;C02;156;IV;non;24,4456911;75,5543089;1473;1937;1666;1679;21,02937267;9,692680667;14,70210233;19,35335933;21,117552;64,86569433;12,90543667;1,199496333;0;0;0;14,104933;0,060492345;1,579248388;;30,55;33713;3,4;97,47;1647;786;82616;8,3;124;1767;0,2;21,52;89,41;33,22;0,996;0,026;0,041;0,72;0,665;98,87;6,25;2,724;0,185
C-04;C04;158;IV;non;;;1472;1898;1660;1669;;;;;;;;;;;;;0,073078643;1,259482874;;;;;;;;;;;;;;;;;;;;;;;;
C-06;C06;160;IV;non;24,43613266;75,56386734;1471;1871;1654;1660;20,25961933;10,12478033;15,44627667;16,05759133;16,95582833;58,58447667;19,37991;1,775994;0;0;0;21,155904;0,06849736;1,400573;2,109757167;31,62;34565;3,5;98,66;1609;818;84870;8,5;128;1877;0,2;22,82;90,88;34,31;1,319;0,027;0,043;0,77;0,715;100,38;6,294;2,656;0,161
C-08;C08;162;IV;non;;;1469;1859;1646;1650;;;;;;;;;;;;;0,101775348;1,521392348;;;;;;;;;;;;;;;;;;;;;;;;
C-10;C10;164;IV;non;24,56091986;75,43908014;1464;1854;1637;1641;23,85225067;11,22028367;15,19207933;17,57623967;15,515769;59,50437167;11,34226367;3,068316;1,998882667;0,233916;0;16,64337833;0,073310383;1,62419542;;30,75;35453;3,5;99,32;1667;861;87443;8,7;134;1920;0,2;23,87;94,55;29,99;1,154;0,031;0,046;0,793;0,744;101,29;6,528;2,185;0,206
C-12;C12;166;IV;non;;;1458;1850;1626;1632;;;;;;;;;;;;;0,075727393;1,501102709;;;;;;;;;;;;;;;;;;;;;;;;
C-14;C14;168;IV;non;22,79154758;77,20845242;1449;1849;1616;1622;20,91147933;9,57081;16,511463;23,27274333;21,54138633;70,89640267;7,631576667;0,204332333;0;0,049485667;0,306723;8,192117667;0,08114465;1,625299875;;32,48;36436;3,6;101,92;1648;838;87003;8,7;130;1827;0,2;23,79;94,02;35,27;1,264;0,029;0,04;0,8;0,694;105,06;6,752;2,571;0,181
C-16;C16;170;IV;non;;;1434;1829;1598;1604;;;;;;;;;;;;;0,157008341;1,692554376;;;;;;;;;;;;;;;;;;;;;;;;
C-18;C18;172;IV;non;15,74204806;84,25795194;1403;1814;1580;1586;25,35522667;12,07692467;19,87987033;22,94745667;14,758689;69,66294067;4,793587;0,188246;0;0;0;4,981833;0,104157114;2,064743024;;36,55;42010;4,2;110,02;1550;844;88699;8,9;128,7;1851;0,2;28,95;99,86;31,92;1,521;0,034;0,045;1,081;0,773;123,85;7,982;2,682;0,227
C-20;C20;174;IV;non;;;1357;1810;1567;1569;;;;;;;;;;;;;0,097996341;1,943326813;;;;;;;;;;;;;;;;;;;;;;;;
C-22;C22;176;IV;non;18,70583808;81,29416192;1302;1808;1555;1551;18,10918233;8,935072667;12,482803;16,49365967;23,08518567;60,996721;18,01486867;2,576479667;0,221171667;0,081577333;0;20,89409733;0,084689656;1,727498425;;36,25;40606;4,1;110,99;1706;853;90445;9;135;1855;0,2;27,34;100,07;33,61;1,239;0,03;0,042;0,894;0,774;118,37;7,357;2,77;0,184
C-24;C24;178;IV;non;;;1239;1804;1547;1533;;;;;;;;;;;;;0,080673205;1,616712695;;;;;;;;;;;;;;;;;;;;;;;;
C-26;C26;180;IV;non;15,628296;84,371704;1170;1800;1539;1515;17,862519;8,519105333;11,99950533;15,01987467;20,41043867;55,948924;18,001668;5,701907333;1,765187333;0,716923333;0,002871333;26,18855733;0,104494486;1,755027912;1,98776573;37,32;42933;4,3;113,45;1604;843;90635;9,1;136,4;1896;0,2;30,35;101,73;30,13;1,385;0,033;0,049;0,917;0,8;123,33;7,75;2,704;0,204
C-28;C28;182;IV;non;;;1168;1777;1523;1500;;;;;;;;;;;;;0,082251018;1,570628579;;;;;;;;;;;;;;;;;;;;;;;;
C-30;C30;184;IV;non;27,1923545;72,8076455;1165;1765;1501;1485;9,615632667;5,018740333;7,33565;11,93504533;26,126237;50,41567267;29,180847;7,878697333;2,064293333;0,844857;0;39,96869467;0,082413168;1,621882026;;28,63;33613;3,4;101,58;1795;858;86993;8,7;133,4;1843;0,2;21,54;93,23;36,32;1,104;0,028;0,036;0,728;0,838;98,33;6,36;2,505;0,17
C-32;C32;186;IV;non;;;1162;1758;1480;1470;;;;;;;;;;;;;0,08626122;1,498436401;;;;;;;;;;;;;;;;;;;;;;;;
C-34;C34;188;IV;non;23,77041903;76,22958097;1152;1755;1462;1455;9,061132;5,82814;8,715295333;9,670976333;22,00187333;46,216285;37,429697;5,682195;0,994566667;0,616124667;0;44,72258333;0,164500979;1,506286929;;31;36430;3,6;103,23;1745;855;88678;8,9;135,8;1941;0,2;23,91;95,87;33,43;1,174;0,03;0,041;0,788;0,743;107,15;6,819;2,621;0,184
C-36;C36;190;IV;non;;;1141;1753;1445;1441;;;;;;;;;;;;;0,081735956;1,47725538;;;;;;;;;;;;;;;;;;;;;;;;
C-38;C38;192;IV;non;21,49067295;78,50932705;1104;1751;1431;1426;29,063011;13,590186;16,16401767;16,493588;9,938030333;56,185822;2,507612;0,684947333;0,034613333;1,274077;10,249917;14,75116667;0,086551087;1,654139054;;33,43;37920;3,8;107,6;1734;849;88585;8,9;131,2;1840;0,2;25,02;97,85;32,41;1,154;0,031;0,041;0,803;0,733;111,55;7,177;2,619;0,172
C-40;C40;194;IV;non;;;1101;1701;1412;1406;28,01066067;12,82608233;17,690692;21,3139;15,60994367;67,440618;4,231495667;0,283817333;0,029411667;0,003996333;0;4,548721;0,059460538;1,399347773;;;;;;;;;;;;;;;;;;;;;;;;
C-42;C42;196;IV;non;19,43868531;80,56131469;1098;1678;1390;1387;26,22024733;11,45721467;16,943577;20,677362;16,10475633;65,18291;7,025432667;1,272260333;0,272062667;0,027086667;0;8,596842333;0,04789067;1,217661639;;34,29;38262;3,8;107,91;1745;836;85960;8,6;126,6;1750;0,2;25,13;94,16;34,33;1,056;0,027;0,044;0,842;0,749;111,89;7,194;2,758;0,163
C-44;C44;198;IV;non;;;1095;1671;1363;1367;;;;;;;;;;;;;0,070169281;1,761123614;;;;;;;;;;;;;;;;;;;;;;;;
C-46;C46;200;IV;non;23,95640017;76,04359983;1088;1661;1333;1348;20,37857667;8,838639;13,43065;18,314888;20,565731;61,149908;13,854544;4,067849333;0,210243667;0,326391333;0,012487667;18,471516;0,112165664;1,872799085;2,178547798;31,58;36654;3,7;106,81;1824;853;89595;9;132,5;1868;0,2;24,58;95,89;36,21;1,215;0,028;0,038;0,783;0,721;107,58;6,671;2,742;0,156
C-48;C48;202;IV;non;;;1076;1657;1301;1328;;;;;;;;;;;;;0,035340906;1,409936932;;;;;;;;;;;;;;;;;;;;;;;;
C-50;C50;204;V;non;25,00550577;74,99449423;1055;1655;1279;1309;24,90524867;11,368275;17,13598233;21,77245033;17,750173;68,02688067;6,700237;0,333265333;0,026218333;0,00815;0;7,067870667;0,025438928;1,416540343;;32,57;36246;3,6;105,14;1662;848;90359;9;134,7;1921;0,2;24,49;95,23;33,22;1,294;0,029;0,038;0,788;0,854;105,88;6,673;2,686;0,154
C-52;C52;206;V;non;;;1054;1584;1271;1292;;;;;;;;;;;;;0,06871268;1,684484186;;;;;;;;;;;;;;;;;;;;;;;;
C-54;C54;208;V;non;28,46614639;71,53385361;1052;1524;1263;1275;18,96244733;8,579904333;13,111369;16,864815;19,344224;57,90031233;17,22698967;5,097985;0,571019667;0,241246333;0;23,13724067;0,050638062;1,013647304;;31,45;35831;3,6;110,13;1825;918;95542;9,6;143,2;2126;0,2;24,85;100,29;33,25;1,286;0,026;0,04;0,757;0,763;107,6;6,487;2,739;0,155
C-56;C56;210;V;non;;;1051;1489;1252;1258;;;;;;;;;;;;;0,05641307;1,230412819;;;;;;;;;;;;;;;;;;;;;;;;
C-58;C58;212;V;non;28,7754179;71,2245821;1050;1462;1238;1241;14,08900767;7,035629;9,440666667;12,653034;17,97419467;47,10352433;24,05957367;12,659202;1,828838;0,249680667;0,010173333;38,80746767;0,088501058;1,074074881;;30,52;34942;3,5;107,34;1969;865;93591;9,4;137,2;2029;0,2;24,21;98,35;32,38;1,47;0,029;0,038;0,766;0,815;104,72;6,361;2,354;0,164
C-60;C60;214;V;non;;;1041;1444;1221;1224;;;;;;;;;;;;;0,081118597;1,177718921;;;;;;;;;;;;;;;;;;;;;;;;
C-62;C62;216;V;non;29,72084651;70,27915349;1028;1428;1206;1207;11,882609;6,510906;9,035830667;11,79938633;19,94842367;47,29454667;27,56674833;11,50238767;1,022725667;0,325783667;0,405198667;40,822844;0,06875181;1,493425959;1,572535947;29,63;33686;3,4;102,96;1820;867;91713;9,2;138,7;2023;0,2;22,65;96,1;28,93;1,296;0,024;0,042;0,708;0,733;103,92;6,238;2,24;0,148
C-64;C64;218;V;non;;;1018;1417;1195;1195;15,98714933;9,191641333;12,45144967;14,13443833;18,738381;54,51591033;20,88251367;7,187099667;1,305840333;0,053279;0,068207667;29,49694033;0,165426285;1,684285077;;;;;;;;;;;;;;;;;;;;;;;;
C-66;C66;220;V;non;28,0794405;71,9205595;982;1404;1184;1182;25,537827;9,543669333;11,992002;15,81874867;17,66899733;55,02341733;13,61651033;5,152662333;0,548967667;0,041130667;0,079484333;19,43875533;0,160301515;1,362497314;;31,79;36016;3,6;107,07;1885;891;95341;9,5;147,4;2167;0,2;25,31;100,16;29,6;1,368;0,028;0,047;0,775;0,697;108,94;6,609;2,428;0,155
C-68;C68;222;V;non;;;919;1399;1176;1170;;;;;;;;;;;;;0,112873184;1,522685751;;;;;;;;;;;;;;;;;;;;;;;;
C-70;C70;224;V;non;32,70389164;67,29610836;839;1395;1169;1158;31,37221933;12,75178533;16,38707733;18,608145;13,88861533;61,635623;6,179528333;0,577163333;0,085944667;0,149521333;0;6,992157667;0,131518257;1,424903555;1,992794419;28,74;33082;3,3;104,16;1789;918;95528;9,6;151,5;2243;0,2;24,1;98,09;33,32;1,333;0,026;0,05;0,702;0,713;97,27;6,248;2,536;0,179
C-72;C72;226;V;non;;;772;1394;1163;1146;23,915961;10,52079967;13,78626567;16,44856;16,71864867;57,474274;14,61032667;3,328528667;0,462443333;0,208466333;0;18,609765;0,180447625;1,660035937;;;;;;;;;;;;;;;;;;;;;;;;
